Var_1,Var_2,Var_3,Var_4,Var_5,Var_6,grupo_real_id,grupo_real_nombre,cluster_asignado,grupo_predicho
-9.881744790648721,6.585798129903937,4.461842033225948,6.457587665776943,-12.702603555199913,9.535532320739508,1,Grupo_1,2,Grupo_1
-3.952934172260295,6.059156154843862,-0.6249687327773255,7.865610062077406,-4.681842137756965,9.407436222859504,1,Grupo_1,2,Grupo_1
-4.649702894782299,-0.9018069425325415,1.544834505025581,-8.889424760104356,-7.292509496784646,-4.060304887986439,3,Grupo_3,3,Grupo_3
0.8192831370524525,-3.365326089272828,4.297315136586855,-7.620496318763598,-1.152277855446779,-2.6507920275459864,3,Grupo_3,3,Grupo_3
0.46344877851139143,-0.695614976839364,2.291779947359677,-6.417742769498874,-2.132038933030346,-4.484915843626297,3,Grupo_3,3,Grupo_3
9.499022432246337,-7.845943120472076,-6.510301723619559,-5.2155685355795445,-3.4161290948022884,3.230577501448446,2,Grupo_2,1,Grupo_2
-0.5204049040387788,-6.017990598920904,4.878870172648636,-4.793105026332801,-2.359185363407044,1.8766663341553276,3,Grupo_3,3,Grupo_3
-1.6548076836098515,13.704713226238038,7.015938431693227,0.5309105447847242,-9.125663869522164,-5.650311664509682,0,Grupo_0,0,Grupo_0
-6.133910937453939,4.042974931920187,3.5774752106292973,7.483784854759433,-8.621288812360945,12.125648106204803,1,Grupo_1,2,Grupo_1
-1.9305270749667718,-6.525457026348547,1.2717759542322358,-4.6720705574234,-3.887147227482565,3.844384773748258,3,Grupo_3,3,Grupo_3
-10.513615757771593,10.252817702289102,-0.918133106522776,5.380352298637705,-6.633582381684047,10.600467275112125,1,Grupo_1,2,Grupo_1
-11.210619058698104,11.6919309102876,4.352779145515138,3.5700633378735436,-6.74925974612659,6.6324632622108,1,Grupo_1,2,Grupo_1
-7.608280636654012,6.008435808829752,-3.3610570648139353,6.904333335305148,-10.785403754104962,7.241257633132085,1,Grupo_1,2,Grupo_1
-3.8194186178892315,9.395173308282626,2.5838290052726,4.775746352251911,-6.8791095288557775,-6.9033603961224825,0,Grupo_0,0,Grupo_0
-10.525662803612391,6.315832942836126,7.001183490376011,2.081298293796267,-10.963598321425298,9.030633484662761,1,Grupo_1,2,Grupo_1
-8.756335268107044,5.427284578748529,1.4462984493497575,1.8508686952501479,-7.3628140862719835,11.986320380049268,1,Grupo_1,2,Grupo_1
-7.197128797167111,9.301851326066865,4.239546847311501,3.6515198750668962,-6.3466356205570476,-8.760032922622994,0,Grupo_0,0,Grupo_0
-1.7012783375907965,8.64527966245165,3.4747875815574956,-2.0135879842262567,-5.595626924726979,-8.211861692430725,0,Grupo_0,0,Grupo_0
-3.1271410793542422,7.309325508203825,2.1358288114908124,1.2704189517258446,-2.385410874027464,-5.278002440108422,0,Grupo_0,0,Grupo_0
-3.80013998048441,10.550134067805072,1.0293119444992067,1.4057772047812702,-8.719406079575071,9.614941291775878,1,Grupo_1,2,Grupo_1
-0.8277633700459219,13.76399096543636,4.308294470271668,-0.46315357773587174,-4.111925517933838,-7.181062503159942,0,Grupo_0,0,Grupo_0
0.5894046758075024,-7.110922935339527,1.3472206017301631,-3.0904287724999797,-3.986301704446093,-2.3569818476586675,3,Grupo_3,3,Grupo_3
-3.7867779419282823,-7.557581918449259,2.609009481465853,-7.638263549021499,-3.9386284569953327,-2.7128982322476314,3,Grupo_3,3,Grupo_3
-8.36173877847345,9.676799367417411,-0.5590095239546731,5.156269180787931,-5.065044239751176,8.853082304758951,1,Grupo_1,2,Grupo_1
-10.332103243365115,10.879447569744972,6.369549394358123,6.6085966828753975,-9.37501475767139,7.37753273913757,1,Grupo_1,2,Grupo_1
-1.5081817624864906,-4.727746508388193,2.71486847903857,-10.084391469202677,-4.641130806884407,-0.8112971379433411,3,Grupo_3,3,Grupo_3
-6.1985099202588625,-4.548820935163264,-3.6816362389856057,-6.3256962097306895,-6.605357605002226,-2.2643622468366646,3,Grupo_3,3,Grupo_3
-10.62502944911209,8.62672267803324,2.826496588305426,4.5816010708379595,-12.0761813187174,8.944439137900718,1,Grupo_1,2,Grupo_1
-2.3976758991927616,-5.986173531558328,3.0231693716347214,-8.107518749907697,-2.332674686710148,-5.00026741320727,3,Grupo_3,3,Grupo_3
6.59122642579477,-2.556779866586041,-3.6560008095658163,-9.022862771436468,-5.599630404957937,2.888971540844176,2,Grupo_2,1,Grupo_2
-7.727831938409331,10.076830309838108,3.1886635134894927,7.527015946427779,-8.282683524039506,9.153408927132626,1,Grupo_1,2,Grupo_1
-10.066212124491273,6.611334182074526,1.3818508536257252,3.5577079412439616,-9.742720613734273,10.596800838455046,1,Grupo_1,2,Grupo_1
-2.926992823844886,9.381070344281628,7.656151252498994,-0.06916949352735813,-5.957943918969017,-7.863456624094348,0,Grupo_0,0,Grupo_0
-1.9405477865424268,12.282143013904392,0.6211707498250325,2.4347543302714927,-6.229920205530211,-4.925552413832671,0,Grupo_0,0,Grupo_0
-3.583248872246872,-4.574788441018128,-0.29835265086983087,-6.362683052788509,-4.737790786294319,-2.646398854773602,3,Grupo_3,3,Grupo_3
-0.6326521651178203,-4.094954478447062,4.419100602393426,-5.379920408376607,-4.929772621141288,-1.6607046121054958,3,Grupo_3,3,Grupo_3
5.964529685591534,-5.788893668807948,-5.989505762061017,-6.087341866161517,-2.825140702752796,2.6047274067491006,2,Grupo_2,1,Grupo_2
-1.3201640223294508,-6.642774037293053,-3.4024204332892793,-6.132598556633971,-3.7222390082636085,-4.218200739376588,3,Grupo_3,3,Grupo_3
2.673498239307691,-7.414845530189633,-8.620522973264986,-4.308748057326359,-3.623079705378786,-2.7188488692453117,2,Grupo_2,1,Grupo_2
9.216089361653221,-4.2542739333210875,-2.316531556705818,-5.292343229292966,-6.957396916659663,3.9035699164906066,2,Grupo_2,1,Grupo_2
-1.1414541701276555,8.508804497113587,4.095675828160051,4.720111813908707,-4.8160863186811955,-4.84633550327435,0,Grupo_0,0,Grupo_0
3.910676518901424,-13.694977319424478,-5.665791009995025,-5.603000611226392,-8.141834209825376,-1.9511202320217587,2,Grupo_2,1,Grupo_2
0.5336986790109908,12.81757625800445,7.135656081598002,0.8941189021456111,-5.870301965309746,-6.940598609253237,0,Grupo_0,0,Grupo_0
11.860635119085977,-8.272997025004992,-7.2128981749767975,-5.752891117511094,-1.9491396108197043,-0.9037370805789151,2,Grupo_2,1,Grupo_2
9.732368006890109,-5.7724402757379005,-7.3331901105141615,-3.066729293252251,-5.14405998835657,-3.0366857646066334,2,Grupo_2,1,Grupo_2
3.197356051259308,-6.843606390203189,-7.007551869635472,-6.505993436181594,-2.1922439981234065,-1.213957073071212,2,Grupo_2,1,Grupo_2
3.3165865786125996,-6.302627418636408,8.340112200627374,-6.117305837631533,-3.926969186015657,-1.4821622506570011,3,Grupo_3,3,Grupo_3
5.987488069246631,-4.838817821202188,-11.21742015740854,-12.29417357530778,-3.0498618188149385,1.7251643340620038,2,Grupo_2,1,Grupo_2
8.186214413586882,-4.479010093328655,-4.334236726824824,-5.502113683661605,3.4233603751619244,-2.07468077988209,2,Grupo_2,1,Grupo_2
-2.7158993376594984,8.709917357240112,8.423503194333428,3.550198895327676,-9.440094251974283,-2.2448781774404756,0,Grupo_0,0,Grupo_0
0.6555913782532219,-11.533271109718495,-0.273141187939979,-4.8491597298706886,-3.777963848933093,-5.232153003395792,3,Grupo_3,3,Grupo_3
-2.5061839346471895,6.9715645505278445,6.2879930073091135,4.317095028007127,-10.898526852073704,-8.786921539691482,0,Grupo_0,0,Grupo_0
7.264061854299458,-7.758917854283336,-2.658598734766648,-7.039954900294405,-5.329096060494221,-0.6831606702330375,2,Grupo_2,1,Grupo_2
0.836435759234833,-6.541644186010231,1.7816564348027795,-6.507093580498999,-4.839623899352098,-1.2102098034066702,3,Grupo_3,3,Grupo_3
11.738536653962917,-4.580772591063308,-7.593392918031695,-3.011767580463905,-6.347066432709248,1.5116837182014424,2,Grupo_2,1,Grupo_2
-6.639785153792502,4.630082723036807,5.46354135991302,4.9442819059537975,-7.87064562443666,13.064549191436393,1,Grupo_1,2,Grupo_1
-12.548469418946848,6.802352389147684,5.038820622023963,0.3435319144467899,-12.226033534525689,9.713866383825057,1,Grupo_1,2,Grupo_1
-5.889014735734235,7.808791992882098,0.6942644983451793,5.371143183891008,-12.34404048867501,11.101595819347256,1,Grupo_1,2,Grupo_1
-3.2387257953416104,5.1063091064566795,6.847653279095999,1.7785766914087269,-7.3308269751278345,1.1026593263362052,0,Grupo_0,0,Grupo_0
4.166687813294573,-9.366230947465041,-4.69782647574918,-4.886963493832431,-2.4717463280425918,0.17348001676461755,2,Grupo_2,1,Grupo_2
-6.4007705568625095,10.52931100656242,1.4388054549873939,6.360155138901644,-12.084450710860576,-2.6389686725508508,0,Grupo_0,2,Grupo_1
-11.83757157754928,1.5331632580765113,4.167335723119539,2.0909608735078224,-14.634529775055546,9.76085640813834,1,Grupo_1,2,Grupo_1
-2.592272599663902,8.493993985016973,4.318535057630775,-2.731452929803366,-8.251439460503674,-6.64799734042316,0,Grupo_0,0,Grupo_0
-6.717250551122799,1.7062995805371903,0.5055494979509338,4.689660786619591,-6.588112723016798,8.168440924474373,1,Grupo_1,2,Grupo_1
6.101687186669372,-3.837610348833203,-8.963984955397732,-1.468922117238991,-8.467870314045486,-0.9990405754923855,2,Grupo_2,1,Grupo_2
0.19626044887558525,-2.5715630836991314,0.2694671971143423,-9.655786910124764,-5.4236941137654355,-2.0730812534143532,3,Grupo_3,3,Grupo_3
-3.162237303845332,-3.147023118160564,3.2630160864148197,-4.173455836626907,-4.519273917160873,-1.6582029174416304,3,Grupo_3,3,Grupo_3
-7.7737186100614375,8.369037305218633,-2.4177291502568297,6.821304024823049,-8.956887999092393,12.859527162224651,1,Grupo_1,2,Grupo_1
2.096952121503395,-7.51765149417289,-9.843396608237317,-2.071654607783529,-4.202929375617344,-0.3696696899731695,2,Grupo_2,1,Grupo_2
-3.4152999765605805,6.215111391632962,1.403175146925837,4.875236652387031,-8.048880194430998,-6.013849888949157,0,Grupo_0,0,Grupo_0
9.402178228232312,-3.9623675850834505,-0.5517533700494441,-7.654276709743071,-1.5218930843254173,0.22990204429120642,2,Grupo_2,1,Grupo_2
-9.573934020727155,10.714981380068657,1.521418790378766,4.741056786258029,-6.723234753728788,7.45476833112512,1,Grupo_1,2,Grupo_1
-0.6487176943029083,8.561225695153064,3.0164462404245365,5.276429764623263,-3.330619679867177,-8.381168507622709,0,Grupo_0,0,Grupo_0
4.733550739481759,-8.573374173453711,-5.588763707406401,-9.51587367442282,-4.951722392238903,-1.9928062671033362,2,Grupo_2,1,Grupo_2
-11.411756527091189,3.941847200889867,-1.783597730680552,6.943172493395722,-11.161468598315922,13.232516318031134,1,Grupo_1,2,Grupo_1
5.564169158560463,-1.4478300419139902,-8.281169294358738,-7.8415055466642904,-5.035058486934183,-2.541886707076851,2,Grupo_2,1,Grupo_2
-1.9794395368987305,-3.342340858564107,5.484932445816758,-5.541252586034174,-5.942269824251084,0.2732851597831343,3,Grupo_3,3,Grupo_3
-10.297326072501022,9.919470043046996,-1.7760649538279303,-2.9189374393555134,-10.716207260106447,10.777549043017187,1,Grupo_1,2,Grupo_1
-7.940871488087841,11.132840321074376,3.3015583713432948,1.74683647818033,-6.049676364728734,-6.403860393828281,0,Grupo_0,0,Grupo_0
-2.57176501991561,11.05870187619904,8.115397708771384,3.3676954498203875,-6.853745641542819,-10.159700174151347,0,Grupo_0,0,Grupo_0
-1.1679230141267414,6.7681161737207285,4.710331729650922,1.950372192330223,-4.164888276572325,-5.693364011076064,0,Grupo_0,0,Grupo_0
4.430529168869008,-3.823727343345324,-5.472868684092779,-3.178111671592534,-5.583127852753009,-1.3372936151646402,2,Grupo_2,1,Grupo_2
-3.3619381425709447,-5.4228853359869404,6.599211411006324,-1.198028931324231,-3.614087185474635,-3.8346811939054852,3,Grupo_3,3,Grupo_3
2.1760020299062015,-6.360915371074536,1.9574401342318075,-8.341848158232995,-7.076770297524913,-3.493701282668172,3,Grupo_3,3,Grupo_3
-0.4579921700593399,10.282471205966566,7.306565560200986,4.896408660054914,-3.424229713557452,-5.258334874301839,0,Grupo_0,0,Grupo_0
1.298612570121393,10.361561237409969,2.0467634504119605,1.4973229887317117,-9.068672824613163,-10.337108920686788,0,Grupo_0,0,Grupo_0
4.950776183026048,-13.038857760976828,-5.055442691515404,-9.382711527791264,-8.958502136115275,-6.585686179815594,2,Grupo_2,1,Grupo_2
-0.25530745674647215,-6.052241213553158,-0.6429359745002676,-6.937415361084583,-3.192181797873447,-5.614375493876299,3,Grupo_3,3,Grupo_3
1.1938073145376689,-3.6473936979780195,1.3882325027826234,-4.8077923404385094,-2.5398457211542222,-4.383864139341623,3,Grupo_3,3,Grupo_3
-5.808467793170009,7.976649243583343,1.0991073867486678,4.519922724276537,-14.02889819632975,10.419829071941564,1,Grupo_1,2,Grupo_1
-2.399668943104976,8.6467811241271,7.049576628215376,7.49947718791911,-8.273356653670854,-10.30461704222364,0,Grupo_0,0,Grupo_0
-9.126388338016504,6.361165694473501,3.3745715312666507,6.351874473898991,-11.259173101200956,9.245507864858945,1,Grupo_1,2,Grupo_1
-4.76845227487807,9.82518433250233,1.6922793583285953,4.942368155094641,-8.041170434397253,-6.3772104535938485,0,Grupo_0,0,Grupo_0
8.170691788819479,-7.146044217865055,-7.8295385280799215,-7.881340123566018,-6.187079317829179,4.706440719153386,2,Grupo_2,1,Grupo_2
5.984951534712082,-2.32796315240855,-3.3652517235540236,-6.412602038187869,-4.1328669561671205,5.1948150061972775,2,Grupo_2,1,Grupo_2
7.905102056331661,-7.980089945315136,-9.930567097811345,-6.158566898642953,-1.75879642927132,-3.7423049636467747,2,Grupo_2,1,Grupo_2
-0.1263560382696376,9.732096541202882,3.1087853996270067,2.876928496955986,-9.738942709452925,-6.608710328834639,0,Grupo_0,0,Grupo_0
-9.433603847416146,7.438529783631888,-0.23923570262023963,7.093343669089521,-7.924768054854504,14.25124063439926,1,Grupo_1,2,Grupo_1
4.433752198562493,-6.584666236059165,-4.605650162767865,-0.08583359362758625,-4.48516945783354,-3.0223150226152145,2,Grupo_2,1,Grupo_2
-3.3307438124252116,10.52225470590418,3.27959383094262,1.5661874187599965,-6.777329252661967,-9.385578232729628,0,Grupo_0,0,Grupo_0
0.13686359407121929,4.617437412140536,1.6817325545636637,-3.124910760459519,-7.553144277262664,-5.086253953786041,0,Grupo_0,0,Grupo_0
-6.393788882420509,2.0594055608978916,4.906276093156489,7.627325049078017,-10.343761581540505,2.890354323671639,1,Grupo_1,2,Grupo_1
-4.348022479527167,12.104519066224416,7.368154137713773,3.4960149862086745,-9.610409102832717,-7.671130717512951,0,Grupo_0,0,Grupo_0
-11.724234427218471,2.9439508986194056,1.0474909684655624,4.556585280721238,-9.829869289121175,8.358279723371489,1,Grupo_1,2,Grupo_1
-0.6981898202912167,-5.797913497222055,4.446074859433012,-10.625618631131456,-6.860640481143855,-1.8331449723259932,3,Grupo_3,3,Grupo_3
7.19550108290168,-6.869019074520339,-6.865098902921567,-5.413133776579818,-1.3140779091971484,-4.39249329315095,2,Grupo_2,1,Grupo_2
-12.212268285514842,6.285488495735525,2.107368762544756,4.43988306052104,-10.036043326624341,10.387746495979695,1,Grupo_1,2,Grupo_1
-2.2998497273466123,-2.426756578799906,-2.4504605742322507,-4.260151462734696,-1.5265791394029904,-2.4291778583829085,3,Grupo_3,3,Grupo_3
-4.502512967021273,-0.9524095675219781,1.4416616404027676,-5.7082902490951835,-6.422645359413664,-2.3178133494411526,3,Grupo_3,3,Grupo_3
-4.60850222850469,7.515804514588266,-0.6698604745464163,0.6587821297388294,-8.777458845035515,-6.504125127085428,0,Grupo_0,0,Grupo_0
-9.147659456885401,8.468036940313166,0.77997017206923,3.705029119972056,-12.063204595463986,9.310678018224296,1,Grupo_1,2,Grupo_1
7.747567936029715,-5.998992405070417,-10.872876866089229,-5.503232562104086,-3.003751447420603,-1.20530505822512,2,Grupo_2,1,Grupo_2
-4.304808510347453,6.466325761604793,2.7181718214758495,2.8884181494230727,-11.704209413801383,7.935927909695462,1,Grupo_1,2,Grupo_1
6.728251457462062,-5.564033934901012,-7.444238603626314,-3.1501229680031617,-6.838856713816787,-1.3072966385299836,2,Grupo_2,1,Grupo_2
-3.906502241231721,9.957315815859623,8.553688909313951,1.8087940312582624,-8.267626007884266,-2.1772169196744713,0,Grupo_0,0,Grupo_0
-3.2465718187828196,12.133641309882655,2.95615227561843,2.670655089500237,-8.967994824300664,-1.517236773842476,0,Grupo_0,0,Grupo_0
-3.110011118448088,8.077234109324328,6.41727875673683,3.0838279626558314,-7.78204260569897,-3.9817850848653267,0,Grupo_0,0,Grupo_0
-4.124765897662257,13.452563359722102,1.6557867568369011,4.2710551179657354,-4.378171396043824,-8.556660115967558,0,Grupo_0,0,Grupo_0
1.7086564646286613,11.218385520571948,4.619947232936558,5.673030031165797,-6.686206422032225,-9.033320096596606,0,Grupo_0,0,Grupo_0
-2.8442405397350443,9.051006615021315,2.6776330535225012,3.5938707685503797,-7.181997562670724,-5.8312784835083775,0,Grupo_0,0,Grupo_0
4.978495195189018,-5.269769156624079,-9.733943269426714,-6.2927042117522625,0.8355159199681665,3.0527700207753554,2,Grupo_2,1,Grupo_2
-3.713797517171195,7.32522996289241,3.9776252386928235,2.184203101752026,-11.537942479638048,12.103159066364741,1,Grupo_1,2,Grupo_1
0.3862830521358678,-5.748011849048188,1.9429205654421797,-7.17255341124142,-8.950479244321384,-6.3505791475599604,3,Grupo_3,3,Grupo_3
-0.3819527176328199,8.67085665719983,5.6160409610503255,1.7151153016094915,-6.216221317652199,-8.337006237304902,0,Grupo_0,0,Grupo_0
1.8047260427330363,-2.400585325671068,3.8334161876165878,-2.96606333768581,-3.3269033757536106,-1.057438944065737,3,Grupo_3,3,Grupo_3
-8.275167463517137,9.055329803290851,-1.1510260065025721,8.417738201244923,-9.082488123026947,13.477839290962658,1,Grupo_1,2,Grupo_1
-5.191055187402267,9.612403288476195,9.825085510603035,-0.32529179502532646,-13.205345998017094,-7.595120147976224,0,Grupo_0,0,Grupo_0
-0.8270445331357004,10.493821462551766,3.754777058875542,0.5391652516984795,-6.624986452996303,-3.007559214537978,0,Grupo_0,0,Grupo_0
-9.464884190480486,-3.4325171365186073,2.232485997337339,-6.860167546155779,-4.022363661712621,-5.988418538999058,3,Grupo_3,3,Grupo_3
-7.306125661300354,8.948001439575279,4.790454361080667,8.131274965153947,-7.360529603104077,-6.126241237441915,0,Grupo_0,0,Grupo_0
-3.106527870976986,8.097225098661603,3.6604834636185464,-0.3328557773055243,-2.8411879674776657,-7.685910766304296,0,Grupo_0,0,Grupo_0
-4.661292596500939,-4.772298701197747,5.451013480351788,-7.352776015537053,-3.8031175624459297,-1.4846166223328872,3,Grupo_3,3,Grupo_3
-6.8553885360893165,7.01838008519551,0.8776792694079525,3.7630459755561425,-10.514767020085909,6.028079263389468,1,Grupo_1,2,Grupo_1
4.671648336772022,-5.66819754586411,-9.776055144424575,-4.578172848119538,-2.6179771897089403,1.7346411852136843,2,Grupo_2,1,Grupo_2
-3.716056428507831,6.63096460755154,4.94655462621509,6.034865830114634,-6.071929008361197,-7.510993348591666,0,Grupo_0,0,Grupo_0
2.551576435164381,5.606351116716295,5.11414425525409,0.31821423944920935,-5.814909175668681,-6.832240149736567,0,Grupo_0,0,Grupo_0
-0.5254758216722177,4.64295619510287,7.900729443423483,-2.1830602861484536,-4.298261680297127,-4.063346751206988,0,Grupo_0,0,Grupo_0
-13.323059001305737,3.93490415771798,0.24974784078794965,9.04459939973733,-10.90300930382196,9.842572308909965,1,Grupo_1,2,Grupo_1
-0.2151271022650143,-6.937353880142953,4.708579878195527,-8.16296702864271,-2.6478239279351463,0.8309877322542292,3,Grupo_3,3,Grupo_3
10.336633726783074,-6.236786857887491,-5.817528186997552,-3.109751239915568,-4.247663050634404,-2.8071020736206456,2,Grupo_2,1,Grupo_2
-1.8959157930355985,-6.617781544493867,-2.0145102296808552,-9.046980820640936,-4.643335741457577,-1.0080685748601905,3,Grupo_3,3,Grupo_3
-4.3761555556779825,-6.390344030783604,-4.888017378845365,-5.848666784975093,0.9783775738445373,-2.3032112865348484,3,Grupo_3,3,Grupo_3
-2.759582814252632,8.505101752755907,2.4449223693366986,-0.09403120115891817,-7.445824420905087,-5.961695826235501,0,Grupo_0,0,Grupo_0
7.376859703853517,-6.66215102372205,-6.823581653855494,-12.551464946837152,-4.469608650099584,2.918551888664893,2,Grupo_2,1,Grupo_2
-4.735913721810867,-5.313414458079559,-1.131076899505783,-9.457122312568757,-2.779564378729888,-4.506468300821864,3,Grupo_3,3,Grupo_3
9.905328807974016,-5.4090629342643615,-7.739968323359754,-5.057686724869683,-5.951150609425055,4.247236208345703,2,Grupo_2,1,Grupo_2
-4.97351273889161,10.274402416992933,3.3142347902969993,-0.009012396715128546,-7.147203091037665,-9.468215399324382,0,Grupo_0,0,Grupo_0
-8.263150858657506,8.567880638227189,3.687110865000329,5.215418082457048,-7.49095886290992,7.855064076872578,1,Grupo_1,2,Grupo_1
7.950743116905214,-6.572733936125784,-9.928545948659117,-5.347226757519466,-1.8418457093520897,-1.0840001786393525,2,Grupo_2,1,Grupo_2
-4.841982476395157,9.328844062044002,4.177859014581618,0.6208839164392952,-12.466194455466123,2.3005003945263187,1,Grupo_1,2,Grupo_1
-2.0320216250011374,-3.9721886334329586,3.448536341545777,-6.54143431471401,-3.2050409834325024,0.6840415192517977,3,Grupo_3,3,Grupo_3
-0.7724601393798993,-13.396330424610271,0.21793150008067785,-8.18904773034926,-0.39445193277481216,-5.3727696550814965,3,Grupo_3,3,Grupo_3
-6.433359783956408,6.730992990467134,3.897050833423452,4.859621151462224,-11.965586938302032,10.194499555237073,1,Grupo_1,2,Grupo_1
-9.806154381109797,7.209994870668107,2.085771286220201,-0.6377313345732318,-9.622904479319544,7.673877608079451,1,Grupo_1,2,Grupo_1
-6.415562265269107,7.691654434832585,6.625540535282669,-1.1625538739823913,-6.145732360734697,-10.271564104834459,0,Grupo_0,0,Grupo_0
-0.10951730175995777,-4.904828254543926,-7.233894147901271,-6.519226193227444,-4.836703555273495,2.5127446741614756,2,Grupo_2,1,Grupo_2
3.6449690419543073,-4.944345738828659,3.1376229871411616,-5.856819551938467,-6.658680460503739,-4.810501820149178,3,Grupo_3,3,Grupo_3
-5.606965312187502,5.345472963817222,5.051780939319393,2.1003889385807772,-6.44627303022525,-6.270226598504696,0,Grupo_0,0,Grupo_0
5.299874764165606,-3.5159413963674138,-10.44353786842403,-8.59427938527649,-8.432758628138785,-0.1919846190297233,2,Grupo_2,1,Grupo_2
-4.952926704849075,9.458462856879262,3.059463985768952,5.319672881216174,-9.479523442475285,10.793545829536152,1,Grupo_1,2,Grupo_1
0.2432014644436773,13.910154763749805,1.5660048500970594,3.2149177420320365,-8.042903333101403,-7.144980479036286,0,Grupo_0,0,Grupo_0
-6.900655689709356,-4.664004312346071,4.328268239359943,-9.879429229555527,-6.033907865527669,-0.6909855897920041,3,Grupo_3,3,Grupo_3
-4.10354758368104,7.686793740693777,3.08202752016619,0.5844768860400953,-8.473095009417564,-3.9075682655070674,0,Grupo_0,0,Grupo_0
-8.43828219200404,8.577979755917566,4.815797274620328,7.782699630653225,-10.487731728556666,6.08307782803479,1,Grupo_1,2,Grupo_1
-9.975314550080242,4.724006587931493,0.503184371430494,3.81817414144871,-7.193831077901687,9.91720542174145,1,Grupo_1,2,Grupo_1
-0.8086573594266266,11.99555490939326,0.19340987621180972,2.7722992487381752,-8.140076768670449,-7.083916276030061,0,Grupo_0,0,Grupo_0
2.2022681417837724,12.872394948878794,3.417755281762416,-0.8258738992817962,-6.52741157387326,-11.301208007183074,0,Grupo_0,0,Grupo_0
-7.919204524157457,2.0734566463696433,3.586070276941765,6.374530263393386,-11.069200003214085,9.707066283128842,1,Grupo_1,2,Grupo_1
-15.162227950871767,6.582004267824207,2.6256050721561284,1.2839163468721413,-8.622501819555051,8.887018990774582,1,Grupo_1,2,Grupo_1
6.922781766203081,-6.794313869554541,-6.358558543968461,-2.499726413840544,-7.2776913506359175,-1.6574955477691815,2,Grupo_2,1,Grupo_2
13.598761876567325,-8.348196173907551,-9.747887342632385,-4.495717940428279,-9.10795477524393,-0.09305614228634007,2,Grupo_2,1,Grupo_2
-11.202692908377962,8.844138394711125,-1.2705295650022865,6.101521340529597,-12.093852661400764,7.517108949857299,1,Grupo_1,2,Grupo_1
9.513921753541974,-12.846983889927923,-6.4050265116727605,-6.596456696675569,-5.049246109788452,4.810694996733838,2,Grupo_2,1,Grupo_2
-10.125284443922865,7.932348425964564,1.871290911871905,6.980902182505655,-9.373032943436506,7.530888830564467,1,Grupo_1,2,Grupo_1
6.326267528183976,-7.88237322227046,-8.26092740311635,-8.778761893705738,-4.596180182318464,3.5794393284852397,2,Grupo_2,1,Grupo_2
-5.810787397678103,-1.5149904401865517,8.500680157839824,-8.33922550990153,0.5807645009767874,-3.3306663142757325,3,Grupo_3,3,Grupo_3
-0.6409636102445957,10.540211791781983,4.587624851317731,2.266488142212687,-3.685464951680208,-8.359038065365521,0,Grupo_0,0,Grupo_0
-0.7370759816334056,-10.277177232976872,1.77633538986581,-7.724722436762523,-7.56828416333884,-4.993427730766156,3,Grupo_3,3,Grupo_3
-12.282371508521603,5.911587905071348,4.575758473437672,9.382558488095722,-13.553268394678847,4.6983860803922735,1,Grupo_1,2,Grupo_1
-6.063724289907359,12.767620258087039,3.833179239122762,1.3460871428031136,-3.5591418365286254,-5.489534569774297,0,Grupo_0,0,Grupo_0
-4.660231036262632,8.052897267623758,7.155610859264202,0.5309400101328601,-4.790396910988416,-9.704376729919993,0,Grupo_0,0,Grupo_0
-5.879661178317033,10.87244636325511,5.067042431547956,1.5132113430590342,-6.8335423584877875,-6.0111553298717695,0,Grupo_0,0,Grupo_0
1.9244668121012625,-2.3922515690478052,-0.32785414925435497,-5.691900249204931,-0.4874809168023626,-2.7484207781186303,3,Grupo_3,3,Grupo_3
-1.6011012814923307,-4.670566604086427,1.1464003139975179,-4.589830888786276,-6.828408914501734,-1.809227680016532,3,Grupo_3,3,Grupo_3
0.3010841769122834,11.383102283505465,2.7076846666690786,2.99080040175207,-9.308769027504486,-10.329155005248273,0,Grupo_0,0,Grupo_0
3.471473513277729,-6.699667144467362,-4.116827755010052,-6.237668370121517,-2.2663264668363996,4.9114081334638415,2,Grupo_2,1,Grupo_2
1.3501516985696291,-4.23838890486286,3.8062589391337758,-3.0485182320434756,-3.497718067239197,-4.069762064282018,3,Grupo_3,3,Grupo_3
-2.6264990702507105,10.206888196256125,4.8319335638787395,-1.2343108765306923,-4.388960142533421,-8.114501051179229,0,Grupo_0,0,Grupo_0
9.205956494885346,-6.229333251257519,-7.798707098576162,-7.03472351515154,-2.466788241417306,4.025195829002881,2,Grupo_2,1,Grupo_2
2.2714138799953654,-6.196947495870185,-6.157396239270882,-7.255206728326796,-7.863745887603242,-1.5496009727015068,2,Grupo_2,1,Grupo_2
8.930403622359536,-4.698925453926734,-6.512636435838466,-10.586074448649864,-5.939467230227455,0.9646294777510623,2,Grupo_2,1,Grupo_2
5.07721705332201,-6.447001833585061,-8.954273774292414,-6.840562655632086,-4.006630076666573,2.1442536278506834,2,Grupo_2,1,Grupo_2
-5.829662745298826,9.50643921787113,6.486045286216628,2.4015903869156583,-7.168747897121872,-7.6328688322491685,0,Grupo_0,0,Grupo_0
5.8916397065109525,-2.3879683001488328,-6.846761221977912,-2.6529470965065887,-3.9697970094145547,2.2632070671554487,2,Grupo_2,1,Grupo_2
-1.7390712742924943,8.035164709643844,5.31269618934087,1.1151889951972058,-5.3256974665111425,-7.8041354333850315,0,Grupo_0,0,Grupo_0
-7.458612827080625,9.024098436542776,-2.819581521391987,2.258063381398557,-11.783968246142617,9.647914429262919,1,Grupo_1,2,Grupo_1
-4.169087254346129,0.9387191731537241,3.5629151486240396,-6.448892282758801,-6.800893705029216,-1.1144073824390945,3,Grupo_3,3,Grupo_3
2.823385813587916,4.134066629392067,4.260416098639143,3.4439627001521735,-6.177147521813689,-8.436858392827432,0,Grupo_0,0,Grupo_0
1.0036207642289132,-1.4913623362702322,0.659944017470449,-7.954789799351316,-2.2345278906899484,-3.991235788225216,3,Grupo_3,3,Grupo_3
-10.924135370364965,9.233597369430852,-1.8347035531599394,2.5795639812083113,-8.09720727012957,7.812482424016379,1,Grupo_1,2,Grupo_1
-3.62295392655468,12.647747320992574,8.588809200554882,0.6660196160575613,-7.930094233890913,-7.584571115427215,0,Grupo_0,0,Grupo_0
-3.1597033930790204,6.3125293575388,3.250873866664675,5.585852448917526,-9.099605785200724,9.15108404014162,1,Grupo_1,2,Grupo_1
-6.205663237502354,11.873671236215644,5.486119854964136,0.9349498991887288,-5.297672525885558,-1.2033774487649573,0,Grupo_0,0,Grupo_0
-1.3738662072257477,-3.1785077849771257,4.20002060022353,-11.654325192884667,-2.3702429045732742,-3.2570732787554797,3,Grupo_3,3,Grupo_3
-0.6581195823819966,0.40598590485087005,-1.5886399453768791,-7.516212761327656,-6.428363308076115,-1.1624944955285557,3,Grupo_3,3,Grupo_3
-6.437565765932335,8.479731975665839,-0.9261225692173674,4.5920875219485024,-7.909482184761318,13.218275441709467,1,Grupo_1,2,Grupo_1
0.8177902885626698,-3.3574908138446857,-0.5657771374472156,-3.7597754397878758,0.9359195700002578,-2.305071065511231,3,Grupo_3,3,Grupo_3
-2.3248327294385804,-9.353860144384555,5.1564127082670375,-9.147735194499763,-6.293340686140772,-3.680427804217971,3,Grupo_3,3,Grupo_3
4.438855674142334,-5.421974927695363,-7.31722419291822,-9.633143411443903,-3.071449953993248,-0.16314088455003317,2,Grupo_2,1,Grupo_2
7.5482002538254065,-6.999802525905605,-8.741461581827878,-7.186464353546663,-6.432473543172106,0.6146919321064646,2,Grupo_2,1,Grupo_2
-9.130242546124126,5.734628311987695,6.369428614497504,3.3583446406261297,-5.006917505385947,11.433576448535552,1,Grupo_1,2,Grupo_1
-2.0509782563980306,-5.079726786272627,2.079823227197944,-8.329816899289058,-2.5117494392892286,-3.660972004166618,3,Grupo_3,3,Grupo_3
-8.727430762846993,2.9592543333495733,3.2590643693017567,5.120039134430019,-10.611581299323253,11.913008322730928,1,Grupo_1,2,Grupo_1
-7.655732051235472,5.709592735410215,-2.1304083040537556,5.419581717794671,-14.746817995282587,8.604820812633548,1,Grupo_1,2,Grupo_1
-7.8371242903701885,7.651185881038325,1.8286915830491917,1.1732171469227972,-5.960991243385921,13.916188652334599,1,Grupo_1,2,Grupo_1
-8.593158907788649,10.563202370156239,0.22521926584234975,6.023964838114112,-10.075053354375655,9.237726600468642,1,Grupo_1,2,Grupo_1
-1.9244783397681846,-0.008759047970353429,0.5412213211088563,-8.745481615077125,-0.34581407650587925,-3.7851291113642977,3,Grupo_3,3,Grupo_3
-2.4997672677820364,-3.5630244631091514,3.42364160836457,-5.441143232022614,-1.2114749104256313,-1.652423352180275,3,Grupo_3,3,Grupo_3
0.47416621236043666,-8.019686717364166,3.648998555232966,-5.498907453076672,-6.3562162181737385,-4.723584286957335,3,Grupo_3,3,Grupo_3
7.482277444160631,-11.98524403492286,-7.6113480345339015,-3.33898973481169,-5.934133491054986,-0.06355263044759063,2,Grupo_2,1,Grupo_2
-10.899613160455194,5.802048607399453,0.6998559647041376,1.520057449020277,-6.530602446345639,8.751061042315307,1,Grupo_1,2,Grupo_1
-6.939540537920741,6.59412633485236,1.8727348760394165,5.395352066756638,-8.861067470108937,4.40936759211054,1,Grupo_1,2,Grupo_1
1.4895267545203268,-7.125996531540086,3.2838193401785105,-7.245055858149346,-4.9908227317198754,-0.4596223319612651,3,Grupo_3,3,Grupo_3
-1.8974437884525943,-13.178129957187956,0.4838339674687149,-9.399659848574895,-2.8251490059890765,-4.686579840402468,3,Grupo_3,3,Grupo_3
0.2769844441267164,-3.5329235820745852,-1.0720660326578573,-8.299876459685246,-1.963238145667085,-1.7936072466910185,3,Grupo_3,3,Grupo_3
-0.7050174629446624,6.1916567001552485,3.328578170528667,3.196606087010527,-9.934946713381134,-5.097613517844977,0,Grupo_0,0,Grupo_0
5.23836236635722,-9.488312269658854,-3.2256361849207282,-7.5760911115039224,-7.085497153247527,0.07448079642590344,2,Grupo_2,1,Grupo_2
-1.8616027629086098,-0.677347320861263,6.084913758974215,-3.279127261283345,-4.862421471630415,0.4039941283350097,3,Grupo_3,3,Grupo_3
-7.68764869418025,7.810628766174048,-0.5269380644079664,4.677355984234536,-5.932820267289859,10.519786454526205,1,Grupo_1,2,Grupo_1
-7.106183796042418,8.779951212520716,0.022448968109340273,-0.6085537868873603,-10.570942006737454,11.902276606261285,1,Grupo_1,2,Grupo_1
1.9240878266538255,-6.547288934209162,4.8901985407278845,-8.293596703674545,0.22587997586832653,-3.5856446671216995,3,Grupo_3,3,Grupo_3
1.1281508754378056,-6.329683782743509,-6.0238520956538455,-6.463172474277954,-4.277351545678963,0.6027308097707264,2,Grupo_2,1,Grupo_2
8.849017723401792,-9.337732346255514,-5.538216179680629,-8.366936476160213,-4.829347847135545,1.7558055027407173,2,Grupo_2,1,Grupo_2
-12.267511999712175,5.549920409429837,1.3009284951749136,2.202067753109838,-5.25096867449193,7.256266808672905,1,Grupo_1,2,Grupo_1
5.367380823562163,-4.045186776431805,-2.8878623370780137,-1.8635437668567603,-4.530993343758866,-5.25855066153021,2,Grupo_2,1,Grupo_2
5.481955786129834,-9.460678866390522,-8.407706647370823,-9.166485694947209,-4.9463526705290874,-1.3516151131791496,2,Grupo_2,1,Grupo_2
-1.1247807081865142,0.33980559855324177,8.904320950247612,-6.967233319243544,-1.365403841626831,-2.092526539304823,3,Grupo_3,3,Grupo_3
7.582687024537857,-2.1146315766461643,-7.841046795191568,-5.231759980373461,-7.835515924359372,1.638161291876042,2,Grupo_2,1,Grupo_2
-8.852317803708626,8.995377054479984,-0.7069519554841102,3.1937022997349063,-7.8494657201695075,11.520952320097745,1,Grupo_1,2,Grupo_1
2.4132130760207415,-3.236701433852907,-7.787748063172316,-7.226479636534491,2.679549239841254,1.2498120844472866,2,Grupo_2,1,Grupo_2
6.247804361070067,0.49903345840122704,-9.002599380354479,-7.216124201848839,-6.996233238719246,2.8762835589851807,2,Grupo_2,1,Grupo_2
8.172667929029938,-9.641652121037582,-5.861387923068714,-6.079932121319308,-3.811936501840647,3.088025879290365,2,Grupo_2,1,Grupo_2
-7.904956357357515,8.104468441665132,5.004138148405212,1.0167811661486894,-7.75985948264647,10.874252196368545,1,Grupo_1,2,Grupo_1
-6.208458712328714,4.828371347212671,1.0623720549832967,4.786952071550145,-4.59914138962404,17.17299343325329,1,Grupo_1,2,Grupo_1
2.641586138253296,-1.9458157470521291,1.8504336280455063,-11.743356467002059,-4.205402789975226,-2.418688000292604,3,Grupo_3,3,Grupo_3
-2.4964139814465978,8.427818294760455,1.1014519811020658,0.9215563770273345,-7.736413482468194,-8.885802766329995,0,Grupo_0,0,Grupo_0
8.179683351014717,-8.199688761406113,-9.81747995201694,-10.827446651454093,-9.474090560652238,-0.8000439160428847,2,Grupo_2,1,Grupo_2
3.160231554120756,-7.522995138119665,-7.020367525074247,-10.321644724366607,-5.7627267858673275,2.1259544780864568,2,Grupo_2,1,Grupo_2
0.983722580635229,-6.630163300438362,-6.93279969294737,-4.5431770610076105,-7.412851211270434,-3.3055883479567667,2,Grupo_2,1,Grupo_2
8.455920053472216,-5.473719890926006,-3.8456076543663147,-5.036922861952694,-3.8496432588741563,-0.26378218052003033,2,Grupo_2,1,Grupo_2
4.101660744489837,5.256860307210438,5.274227989964535,3.142402613354315,-4.165161378802902,-6.635151709598708,0,Grupo_0,0,Grupo_0
8.825719427479443,-3.381185045255427,-6.036775594697032,-6.685724186348694,-5.104643750821499,-1.5701513466415982,2,Grupo_2,1,Grupo_2
-4.3299825440952855,-2.728142650866326,2.0762137759996735,-8.348052246843572,-1.61803731930946,-2.204114678903889,3,Grupo_3,3,Grupo_3
-0.08476118102959429,-3.6710705590490518,3.5629808669445877,-7.509019678525153,-4.2435176289051455,-0.40846913288275255,3,Grupo_3,3,Grupo_3
-12.588882410253351,5.376430308447617,5.399982465897024,6.376929527382898,-9.744909057402038,10.00600568952212,1,Grupo_1,2,Grupo_1
2.2299741717394816,-5.935208009578023,-0.39970324296721005,-7.378198554949491,-4.363588467673863,-0.7478413057881095,3,Grupo_3,3,Grupo_3
-1.2259704700426828,-3.8615457294112905,-0.1530884847608962,-1.4160308152744667,-7.675340638026643,-5.918022893344061,3,Grupo_3,3,Grupo_3
5.5406941539636785,-6.47465557931973,-6.649899224539287,-6.121673832305833,-2.1878777473287636,-0.6168884627814684,2,Grupo_2,1,Grupo_2
0.6630441982129178,-3.598637823351755,2.4915287287159087,-6.444253952129106,-3.925538059423328,0.4343932730196203,3,Grupo_3,3,Grupo_3
-2.4766928933579826,12.648121321091613,3.9782367531332112,8.77359260041478,-5.315458821738755,-9.023003484316654,0,Grupo_0,0,Grupo_0
-2.53798737496964,-1.3724468396143998,6.237302511498785,-3.389293878243549,-2.2645268666606935,-3.3043253061327578,3,Grupo_3,3,Grupo_3
2.394097240962597,-7.156562777539992,-7.187223906402953,-2.144760620646162,-4.602160902690965,-5.007980050982539,2,Grupo_2,1,Grupo_2
8.754596133543192,-5.695227840041039,-2.985961274640487,-10.113232216178513,-7.241917969136561,-4.949790697841962,2,Grupo_2,1,Grupo_2
0.9521051046343931,-3.7537887770136726,3.927950513634861,-7.304340588814758,-3.5724442767725195,0.2397140722836415,3,Grupo_3,3,Grupo_3
-1.645006039133814,-4.315047652671188,1.2935916007920651,-3.847987709007427,-5.989422124566975,-4.523343765497937,3,Grupo_3,3,Grupo_3
-7.6200646640235234,10.003347578528196,-0.17590672116579453,5.03293935557336,-9.901246185041861,11.515402302952172,1,Grupo_1,2,Grupo_1
-0.043646148748302416,-4.156516745053828,4.594404444190674,-6.756987916096537,-5.038241358389992,2.6979790253412315,3,Grupo_3,3,Grupo_3
6.520045494696821,-4.49549186487511,-7.16037144397332,-8.906439424285937,-4.223515300924522,1.267747240226392,2,Grupo_2,1,Grupo_2
9.875748876314507,0.7165546473922344,-9.362813818583522,-4.584610590229351,-4.939658250293078,2.4535254089548353,2,Grupo_2,1,Grupo_2
-10.31049482348275,5.230366837874453,0.502612083174631,2.8136447980484625,-10.958982101396643,11.481531822690654,1,Grupo_1,2,Grupo_1
10.217116226731477,-6.8018046680808535,-4.4722797700677415,-11.117059979399992,-2.2665270380252167,-1.5147424041739455,2,Grupo_2,1,Grupo_2
1.5718306367763377,5.4389326832967395,3.539767619485642,2.3000211271559605,-3.276443968485981,-10.469764971224546,0,Grupo_0,0,Grupo_0
3.1670141355909447,-5.839594346319386,-10.405284093228023,-6.905365632569992,-4.536694775225939,2.0616627258024343,2,Grupo_2,1,Grupo_2
-10.348279321559083,6.749651277097835,-2.0764101714494094,3.1802737907687266,-7.096883837635334,8.231958595169392,1,Grupo_1,2,Grupo_1
1.108247087831582,9.505673069477258,7.219490184899689,-1.7407312486516977,-6.212001526478123,-4.656032604217354,0,Grupo_0,0,Grupo_0
1.24669500718732,9.19952307924776,8.711417700156332,-1.4770839615964966,-11.138083289539157,-7.0189788405174935,0,Grupo_0,0,Grupo_0
8.70472899324782,-7.845668672533444,-4.983590007528418,-7.192154873587156,-4.201336070306403,0.8645184011450786,2,Grupo_2,1,Grupo_2
10.634297706518467,-5.494372401561538,-2.7856203614536352,-6.9820004283824355,-6.115185095036155,1.168080933282657,2,Grupo_2,1,Grupo_2
7.776259402949628,-3.236392608366815,-10.291381533652695,-3.6281245871819707,-3.821300537092192,3.2246419803313713,2,Grupo_2,1,Grupo_2
-7.479629309960778,7.823048999795487,2.6823504381983505,7.342335306187828,-7.757079857134445,10.120006200302445,1,Grupo_1,2,Grupo_1
-1.643995863297895,-5.56359991607209,-0.23174951161989688,-5.356823244689377,-2.8184601607715534,0.3497623631263269,3,Grupo_3,3,Grupo_3
-13.777047184678853,9.201271551766979,-3.140407380776626,4.232595508878806,-14.782839663724443,8.59745253189828,1,Grupo_1,2,Grupo_1
0.5121067650409432,-5.66911434110017,-1.5017959467979196,-7.240868910229307,-4.589221216330914,-3.7621743765527143,3,Grupo_3,3,Grupo_3
-9.305568152040973,3.247339806210853,5.037286526231216,6.104969937832187,-8.421632659168749,13.200712611138336,1,Grupo_1,2,Grupo_1
-0.6429183420891178,-1.8161284316490502,0.7413595589529705,-9.382041648391438,-2.6234566151160443,-2.7540228667703897,3,Grupo_3,3,Grupo_3
-7.919278156111734,7.693746464994394,-0.18037060678905492,2.3808996467982815,-6.621473563640624,12.989035557504833,1,Grupo_1,2,Grupo_1
-4.607241431109347,8.241255188570285,5.468037414737012,4.41203250174663,-8.077562785764496,-7.34425703493549,0,Grupo_0,0,Grupo_0
1.07001036763734,-1.9934486598651366,3.144568606462782,-11.512816589360337,-5.053115968077858,-5.735262855776293,3,Grupo_3,3,Grupo_3
5.353221218855429,-2.440027560341883,-4.295712084443568,-5.936974022302694,-7.094952643591053,1.0236200513214047,2,Grupo_2,1,Grupo_2
-4.197143310488704,8.652989451409526,2.658829033728198,1.2032658598431314,-11.613663858535734,-6.3468753248436,0,Grupo_0,0,Grupo_0
3.6051823259893157,9.33733908313639,4.913365822740333,3.787586243687462,-5.677104111809487,-6.320399532578119,0,Grupo_0,0,Grupo_0
-3.180524242817331,6.786305564660103,-0.739659667095161,0.1752863858346818,-7.407452788220506,-9.348058411153907,0,Grupo_0,0,Grupo_0
-1.0678052154133342,9.792411514557163,12.337080857366196,4.7721069625271735,-7.199421169853187,-9.268960694777011,0,Grupo_0,0,Grupo_0
-6.29132219376723,-3.4553462752754385,-1.3727559732368024,-6.097988943065443,-3.128192731384932,-5.026271056631228,3,Grupo_3,3,Grupo_3
2.9181591706917844,8.57457159711748,4.947890853189316,3.351883124041901,-6.770621075220136,-2.6424819921990643,0,Grupo_0,0,Grupo_0
6.511906915161373,-8.05925024854436,-6.34509395229907,-10.028277145428321,-5.134238693196653,-3.095506029675537,2,Grupo_2,1,Grupo_2
-8.72459906580913,8.719363973527967,6.663918826269063,2.957036628187221,-8.77716360320266,4.888540061833973,1,Grupo_1,2,Grupo_1
-3.4546139404464133,-9.442639982604364,-1.322837386046427,-6.763799862657968,-9.068447124552948,-6.375627445680455,3,Grupo_3,3,Grupo_3
-9.581767954743777,6.707564409212333,4.4882414996290185,2.3815184877736018,-13.445318159691201,8.99661924442615,1,Grupo_1,2,Grupo_1
-10.76997636981307,9.39900244515523,4.273296705851834,5.289514854217179,-6.6295759468591315,6.453094874798934,1,Grupo_1,2,Grupo_1
